epoch,training_score,validation_score
1,0.0892159715294838,0.09881509840488434
2,0.21789132058620453,0.09430724382400513
